,0,1,2
0,Toxocara,0.99998933,Increased
1,Cladosporium,0.9999889,Increased
2,uncultured Selenomonas sp.,0.9999884,Increased
3,Bordetella,0.9999864,Increased
4,Poxviridae,0.9999857,Increased
5,Orthomyxoviridae,0.9999854,Increased
6,Frateuria,0.99998504,Increased
7,Edwardsiella,0.9999843,Increased
8,uncultured Veillonellaceae bacterium,0.999984,Increased
9,Spirochaeta,0.999984,Increased
10,Streptococcus constellatus,0.9999832,Increased
11,Prevotella sp. oral taxon 300,0.99998295,Increased
12,Phialophora,0.9999819,Increased
13,Polyomaviridae,0.9999815,Increased
14,Cetobacterium somerae,0.9999811,Increased
15,uncultured Prevotellaceae bacterium,0.99998087,Increased
16,Pisolithaceae,0.9999807,Increased
17,Prosthodendrium,0.9999806,Increased
18,uncultured Spirochaeta sp.,0.9999804,Increased
19,Fonsecaea,0.9999801,Increased
20,Contracaecum,0.9999795,Increased
21,Absidia,0.99997944,Increased
22,Peptoniphilaceae,0.9999788,Increased
23,Victivallales,0.99997824,Increased
24,Geotrichum,0.99997795,Increased
25,Treponema sp. oral taxon 250,0.9999779,Increased
26,Porphyromonas catoniae,0.9999774,Increased
27,Phascolarctobacterium succinatutens,0.9999764,Increased
28,uncultured Succinivibrionaceae bacterium,0.9999764,Increased
29,Capnocytophaga gingivalis,0.9999764,Increased
30,Pleistophora,0.9999759,Increased
31,Trichinella,0.99997574,Increased
32,Hymenolepis,0.9999757,Increased
33,Fusobacterium naviforme,0.9999756,Increased
34,Cladophialophora,0.9999756,Increased
35,Centrocestus,0.9999756,Increased
36,Arcanobacterium,0.9999754,Increased
37,Anaerolineae,0.9999754,Increased
38,Peptococcus sp.,0.99997497,Increased
39,Schaalia cardiffensis,0.99997485,Increased
40,Pseudogymnoascus sp. VKM F-4518 (FW-2643),0.9999745,Increased
41,Metarhizium acridum,0.9999744,Increased
42,Pneumocystis,0.9999742,Increased
43,Candidatus Regiella,0.99997395,Increased
44,Lactobacillus sanfranciscensis,0.99997383,Increased
45,Neurospora crassa,0.9999738,Increased
46,Alcaligenes,0.99997306,Increased
47,Aspergillus flavus,0.99997276,Increased
48,uncultured Corynebacteriaceae bacterium,0.9999727,Increased
49,Pisolithus,0.9999726,Increased
50,Neisseria oralis,0.99997187,Increased
51,Desulfobacterales,0.9999716,Increased
52,Fretibacterium,0.99997115,Increased
53,Erysiphe necator,0.9999708,Increased
54,Piscirickettsiaceae,0.9999707,Increased
55,Anoxybacillus,0.99997044,Increased
56,Listeria sp.,0.9999703,Increased
57,Selenomonas noxia,0.9999697,Increased
58,Treponema lecithinolyticum,0.9999696,Increased
59,Actinomyces radicidentis,0.9999695,Increased
60,Cardiobacteriales,0.9999691,Increased
61,Moniliophthora perniciosa,0.99996907,Increased
62,Atopobium minutum,0.9999686,Increased
63,Colletotrichum higginsianum,0.9999685,Increased
64,Lachnoanaerobaculum umeaense,0.99996805,Increased
65,Capnocytophaga sputigena,0.99996793,Increased
66,Aspergillus ochraceoroseus,0.9999679,Increased
67,Campylobacter curvus,0.99996763,Increased
68,Proteobacteria bacterium CAG:139,0.9999674,Increased
69,Salmonella enterica,0.99996734,Increased
70,Marasmiaceae,0.9999672,Increased
71,Clostridium hylemonae,0.99996704,Increased
72,Silene,0.99996674,Increased
73,Aspergillus versicolor,0.9999666,Increased
74,Olsenella profusa,0.9999666,Increased
75,Chaetomiaceae,0.99996644,Increased
76,Rhodotorula sp. JG-1b,0.9999659,Increased
77,Talaromyces islandicus,0.99996567,Increased
78,Fusobacterium nucleatum subsp. polymorphum,0.9999653,Increased
79,Pelomonas,0.9999653,Increased
80,Thermaerobacter,0.9999649,Increased
81,Trichococcus,0.9999649,Increased
82,Arthrobotrys oligospora,0.9999646,Increased
83,Chaetomium globosum,0.99996424,Increased
84,Pirellulaceae,0.9999641,Increased
85,Dipylidium,0.99996376,Increased
86,Tannerella forsythia,0.9999636,Increased
87,Candidatus Regiella insecticola,0.99996275,Increased
88,Phaeobacter,0.9999624,Increased
89,Anoxybacillus kestanbolensis,0.99996233,Increased
90,Debaryomyces fabryi,0.9999622,Increased
91,Lactobacillus johnsonii,0.999962,Increased
92,Rhodotorula graminis,0.999962,Increased
93,Acremonium chrysogenum,0.9999619,Increased
94,Erysiphaceae,0.9999618,Increased
95,Rhodanobacter,0.9999615,Increased
96,Citrobacter farmeri,0.99996114,Increased
97,Porphyromonas asaccharolytica,0.9999611,Increased
98,Blumeria graminis,0.9999605,Increased
99,Thielaviopsis,0.9999604,Increased
100,Thiotrichales,0.9999597,Increased
101,Crepidotus,0.9999597,Increased
102,Desulfovibrio vietnamensis,0.99995935,Increased
103,Mogibacterium timidum,0.99995834,Increased
104,Prevotella buccae,0.9999582,Increased
105,Prevotella buccalis,0.99995816,Increased
106,Desulfovibrio longreachensis,0.99995804,Increased
107,Clostridia bacterium UC5.1-2D9,0.9999577,Increased
108,Prochlorococcus,0.9999577,Increased
109,Fusobacterium gonidiaformans,0.9999575,Increased
110,Prevotella sp. oral taxon 304,0.9999573,Increased
111,Cardiobacteriaceae,0.99995726,Increased
112,SR1 bacterium oral taxon 874,0.99995697,Increased
113,Candidatus Tremblaya,0.9999562,Increased
114,Serratia marcescens,0.99995583,Increased
115,Lachnospiraceae bacterium 2_1_58FAA,0.99995565,Increased
116,Basidioascus,0.99995565,Increased
117,Pseudogymnoascus sp. VKM F-4520 (FW-2644),0.99995565,Increased
118,Firmicutes bacterium CAG:240,0.9999553,Increased
119,Firmicutes bacterium CAG:102,0.9999553,Increased
120,Tyzzerella,0.9999553,Increased
121,Trichosporonales,0.9999551,Increased
122,Aspergillus sydowii,0.9999546,Increased
123,Bacteroides pyogenes,0.99995446,Increased
124,Candidatus Portiera aleyrodidarum,0.9999542,Increased
125,Arthrobacter,0.9999541,Increased
126,Moniliophthora,0.9999541,Increased
127,Pseudeurotiaceae,0.9999536,Increased
128,Fusobacterium nucleatum subsp. nucleatum,0.99995327,Increased
129,Lachnospiraceae bacterium 5_1_63FAA,0.9999516,Increased
130,Victivallaceae,0.9999516,Increased
131,Streptococcus lutetiensis,0.9999513,Increased
132,Aspergillus rambellii,0.999951,Increased
133,Bombiscardovia,0.99994993,Increased
134,Malasseziaceae,0.9999495,Increased
135,Kwoniella mangrovensis,0.9999495,Increased
136,Malasseziomycetes,0.99994946,Increased
137,Fusobacterium nucleatum subsp. animalis,0.9999491,Increased
138,Succiniclasticum,0.999949,Increased
139,[Eubacterium] yurii,0.9999482,Increased
140,Oenococcus oeni,0.99994755,Increased
141,Candidatus Midichloriaceae,0.999947,Increased
142,Parastagonospora nodorum,0.9999469,Increased
143,Eubacterium ramulus,0.99994683,Increased
144,Treponema socranskii,0.99994636,Increased
145,Fretibacterium fastidiosum,0.99994504,Increased
146,Campylobacter showae,0.999945,Increased
147,Firmicutes bacterium CAG:110,0.9999427,Increased
148,Fusobacterium nucleatum subsp. vincentii,0.9999415,Increased
149,Planctomyces,0.99994093,Increased
150,[Candida] glabrata,0.9999404,Increased
151,Shigella boydii,0.99994016,Increased
152,Exobasidiomycetes,0.99994016,Increased
153,Alicyclobacillus,0.9999401,Increased
154,Fusobacterium necrophorum,0.99993914,Increased
155,Geobacteraceae,0.9999374,Increased
156,Sphingomonas paucimobilis,0.99993676,Increased
157,Streptococcus alactolyticus,0.9999353,Increased
158,Metschnikowiaceae,0.99993527,Increased
159,Psathyrellaceae,0.999935,Increased
160,Metarhizium rileyi,0.99993455,Increased
161,Leptothrix,0.99993384,Increased
162,Thielaviopsis punctulata,0.99993384,Increased
163,Aggregatibacter aphrophilus,0.9999337,Increased
164,Geobacter,0.9999333,Increased
165,Fusobacterium sp. oral taxon 203,0.9999331,Increased
166,Grosmannia clavigera,0.99993294,Increased
167,Centipeda periodontii,0.9999329,Increased
168,Rhizobiaceae,0.999929,Increased
169,Shigella flexneri,0.99992895,Increased
170,Staphylococcus sciuri,0.9999277,Increased
171,Sterigmatomyces elviae,0.99992466,Increased
172,Candidatus Blochmannia,0.9999234,Increased
173,Plesiomonas shigelloides,0.9999217,Increased
174,Veillonella sp. oral taxon 158,0.99992025,Increased
175,Lactobacillus iners,0.9999199,Increased
176,Trichosporonaceae,0.999919,Increased
177,Neisseria subflava,0.99991876,Increased
178,Dioszegia,0.9999164,Increased
179,Shigella sp. PAMC 28760,0.99991536,Increased
180,Myxococcales,0.9999127,Increased
181,Diaporthe ampelina,0.99991214,Increased
182,Weissella viridescens,0.99990916,Increased
183,Blautia luti,0.9999081,Increased
184,Kwoniella heveanensis,0.99990416,Increased
185,Shigella dysenteriae,0.9999025,Increased
186,Hymenochaete,0.9998979,Increased
187,Abiotrophia defectiva,0.99989754,Increased
188,Peptacetobacter hiranonis,0.99989724,Increased
189,Entylomatales,0.9998964,Increased
190,Ophiostoma piceae,0.99989426,Increased
191,Cortinariaceae,0.99989355,Increased
192,Eubacterium oxidoreducens,0.9998914,Increased
193,Anaerotignum lactatifermentans,0.9998911,Increased
194,Megamonas funiformis,0.99989086,Increased
195,Enterocloster citroniae,0.99988985,Increased
196,Psychrobacter pulmonis,0.99988616,Increased
197,Paucibacter,0.99988544,Increased
198,Bacteroides clarus,0.999885,Increased
199,Coprobacillus sp.,0.99988204,Increased
200,Clostridium phoceensis,0.99988085,Increased
201,Escherichia albertii,0.99988055,Increased
202,Escherichia fergusonii,0.9998796,Increased
203,Eggerthella sp. YY7918,0.9998786,Increased
204,Methylotenera,0.9998786,Increased
205,Streptococcus sp. oral clone DP009,0.9998733,Increased
206,Gymnopilus,0.99987173,Increased
207,Slackia heliotrinireducens,0.999871,Increased
208,Blautia faecis,0.99986887,Increased
209,Psathyrella,0.9998672,Increased
210,Filobasidium,0.99986374,Increased
211,Lachnospiraceae bacterium 3_1_57FAA_CT1,0.99986315,Increased
212,Lachnospiraceae bacterium A2,0.99985987,Increased
213,Enterorhabdus mucosicola,0.9998564,Increased
214,Enterorhabdus caecimuris,0.99985445,Increased
215,Clostridium sp. ATCC 29733,0.99985296,Increased
216,Holdemania massiliensis,0.9998456,Increased
217,Entylomataceae,0.99984443,Increased
218,Anaeromassilibacillus senegalensis,0.9998438,Increased
219,Enorma massiliensis,0.9998432,Increased
220,Gallionellaceae,0.9998424,Increased
221,Bifidobacterium catenulatum subsp. kashiwanohense,0.99984205,Increased
222,Neisseria mucosa,0.99983925,Increased
223,Hanseniaspora,0.9998385,Increased
224,Helicobacter canadensis,0.9998379,Increased
225,Clostridium disporicum,0.9998374,Increased
226,Enterocloster lavalensis,0.9998365,Increased
227,Megamonas rupellensis,0.99983585,Increased
228,Neisseria cinerea,0.999835,Increased
229,Xylariales,0.99983466,Increased
230,Pucciniomycetes,0.9998326,Increased
231,Alistipes finegoldii,0.9998295,Increased
232,Prevotella bryantii,0.9998285,Increased
233,Filobasidiaceae,0.99982774,Increased
234,Hungatella xylanolytica,0.9998277,Increased
235,Malassezia,0.9998275,Increased
236,Oscillospiraceae,0.99982715,Increased
237,Saccharomyces,0.99982476,Increased
238,Saccharomycetales sp.,0.99982363,Increased
239,Streptococcus sp. VT 162,0.9998222,Increased
240,Sinobacteraceae,0.999821,Increased
241,Monilinia,0.999818,Increased
242,Rothia dentocariosa,0.99981755,Increased
243,Holdemania filiformis,0.99981356,Increased
244,Asaccharobacter,0.99981135,Increased
245,Trueperaceae,0.9998095,Increased
246,Stenotrophomonas sp.,0.9998084,Increased
247,Rhodotorula,0.9998075,Increased
248,Clostridium methylpentosum,0.99980706,Increased
249,Shigella sonnei,0.99980277,Increased
250,Actinobacillus porcinus,0.9997999,Increased
251,Bacteroides galacturonicus,0.9997982,Increased
252,Anaerostipes caccae,0.99979794,Increased
253,Acetivibrio ethanolgignens,0.9997936,Increased
254,Candida tropicalis,0.9997927,Increased
255,Faecalitalea cylindroides,0.9997924,Increased
256,Bulleribasidiaceae,0.999791,Increased
257,Saccharomycetaceae,0.99979097,Increased
258,Bacteroides zoogleoformans,0.9997901,Increased
259,Psathyrella artemisiae,0.99978805,Increased
260,Bacteroides sp. 3_1_40A,0.9997846,Increased
261,Malassezia sympodialis,0.9997834,Increased
262,Alistipes onderdonkii,0.9997826,Increased
263,Holophagae,0.9997819,Increased
264,Clostridiales Family XIII. Incertae Sedis,0.99978054,Increased
265,Thermales,0.9997805,Increased
266,Paludibacter,0.9997758,Increased
267,Campylobacter hominis,0.99977446,Increased
268,Enterobacteriaceae bacterium,0.99977094,Increased
269,Blautia sp.,0.99976987,Increased
270,Calditrichaceae,0.999768,Increased
271,Sporosarcina,0.999768,Increased
272,Leptosphaeriaceae,0.9997674,Increased
273,Lactobacillus mucosae,0.9997664,Increased
274,Staphylococcus epidermidis,0.9997642,Increased
275,Agaricomycetes,0.9997634,Increased
276,Polaromonas,0.9997617,Increased
277,Leptotrichia sp. oral taxon 212,0.9997603,Increased
278,Pigmentiphaga,0.99975747,Increased
279,Faecalicatena fissicatena,0.9997568,Increased
280,TM7 phylum sp. oral taxon 352,0.99975634,Increased
281,Filobasidiales,0.99975526,Increased
282,Veillonella atypica,0.9997525,Increased
283,Pseudomonas putida,0.99975246,Increased
284,Olsenella sp. oral taxon 809,0.9997495,Increased
285,Modestobacter,0.9997495,Increased
286,Filifactor alocis,0.9997481,Increased
287,Saccharomycodaceae,0.99974763,Increased
288,Staphylococcus auricularis,0.9997471,Increased
289,Lachnospiraceae bacterium TF01-11,0.99974084,Increased
290,Streptococcus sp. oral taxon 431,0.99973774,Increased
291,Olsenella sp. SIT9,0.99973726,Increased
292,Nocardioides,0.9997367,Increased
293,Nocardioidaceae,0.9997362,Increased
294,Bifidobacterium angulatum,0.9997356,Increased
295,Lachnospiraceae bacterium 2_1_46FAA,0.9997343,Increased
296,Jonquetella anthropi,0.9997326,Increased
297,Novispirillum,0.9997326,Increased
298,Clavibacter michiganensis,0.99973243,Increased
299,Bacillus coagulans,0.99973124,Increased
300,Slackia piriformis,0.99971753,Increased
301,Actinotalea,0.9997137,Increased
302,Congregibacter,0.9997137,Increased
303,Syntrophus,0.99971366,Increased
304,Bifidobacterium pseudocatenulatum,0.99971145,Increased
305,Tremellales,0.9997086,Increased
306,Filobasidium uniguttulatum,0.99970734,Increased
307,Ruminococcus bicirculans,0.99970555,Increased
308,Enorma,0.99970424,Increased
309,Cystofilobasidiaceae,0.999704,Increased
310,Kaistia,0.99970335,Increased
311,Bacteroides-like sp. oral clone AU126,0.9996999,Increased
312,Sordariomycetes,0.9996995,Increased
313,Conexibacteraceae,0.99969685,Increased
314,Blautia sp. KLE 1732,0.9996956,Increased
315,Collinsella tanakaei,0.9996947,Increased
316,Eggerthellaceae,0.9996909,Increased
317,Turicibacter sp.,0.99968976,Increased
318,Agaricales,0.9996892,Increased
319,Oscillibacter sp. KLE 1745,0.9996851,Increased
320,Agrococcus,0.9996838,Increased
321,Streptococcus gallolyticus subsp. gallolyticus,0.9996834,Increased
322,Anaerotruncus sp. G3(2012),0.99967736,Increased
323,Gluconacetobacter,0.99967694,Increased
324,Parabacteroides gordonii,0.9996768,Increased
325,Thermaceae,0.99967605,Increased
326,Macrophomina phaseolina,0.99967504,Increased
327,Mucispirillum,0.9996729,Increased
328,Coriobacteriaceae bacterium 68-1-3,0.9996713,Increased
329,Faecalibacterium sp.,0.9996689,Increased
330,Eggerthellaceae bacterium AT8,0.999667,Increased
331,Enterocloster asparagiformis,0.9996656,Increased
332,Bacteroides cellulosilyticus,0.9996649,Increased
333,Acetivibrio,0.99966115,Increased
334,Cystofilobasidiales,0.9996559,Increased
335,Clostridium sporosphaeroides,0.99965584,Increased
336,Eubacterium sp.,0.9996512,Increased
337,Clostridium butyricum,0.9996469,Increased
338,Prevotella scopos,0.99964625,Increased
339,Cellulomonadaceae,0.9996462,Increased
340,Coprococcus sp. HPP0048,0.9996443,Increased
341,Neobacillus fumarioli,0.99964285,Increased
342,Bifidobacterium animalis,0.9996398,Increased
343,Opitutaceae,0.9996366,Increased
344,Holophagaceae,0.9996323,Increased
345,Phycicoccus,0.99962795,Increased
346,Propionicimonas,0.9996255,Increased
347,Methylophaga,0.9996212,Increased
348,Mesorhizobium,0.9996169,Increased
349,Lactobacillus brevis,0.99961644,Increased
350,Ruminococcus sp.,0.99961627,Increased
351,Prevotella amnii,0.99961627,Increased
352,Entyloma,0.9996161,Increased
353,Truepera,0.9996148,Increased
354,Actinobaculum massiliense,0.9996116,Increased
355,Succinispira,0.9996045,Increased
356,Prevotella corporis,0.99960375,Increased
357,Candida dubliniensis,0.9996013,Increased
358,Citrobacter sp.,0.99960095,Increased
359,Chloracidobacterium,0.9995943,Increased
360,Streptococcus peroris,0.99959034,Increased
361,Pleosporales,0.9995877,Increased
362,Trichosporon,0.99958235,Increased
363,Enterobacteria phage f1,0.9995793,Increased
364,Balneimonas,0.9995687,Increased
365,Malassezia globosa,0.99956757,Increased
366,Basidiomycota,0.99955225,Increased
367,Saccharomycetales,0.9995458,Increased
368,Succinivibrionaceae,0.9995392,Increased
369,Holophagales,0.9995338,Increased
370,Streptococcus gordonii,0.9995307,Increased
371,Atopobium sp.,0.9995306,Increased
372,Anaeroplasma,0.9995176,Increased
373,Opitutales,0.99950707,Increased
374,Hanseniaspora valbyensis,0.9995022,Increased
375,Bifidobacterium thermacidophilum,0.9994965,Increased
376,Fluviicola,0.99949205,Increased
377,Lachnospira pectinoschiza,0.9994883,Increased
378,Lactobacillus casei,0.9994826,Increased
379,Dialister pneumosintes,0.99948066,Increased
380,Saprospiria,0.999479,Increased
381,Lactobacillus acidophilus,0.9994771,Increased
382,Pseudoflavonifractor capillosus,0.9994753,Increased
383,Actinobaculum,0.9994638,Increased
384,Actinomyces oris,0.9994594,Decreased
385,Paenibacillaceae,0.99945706,Increased
386,Tyzzerella nexilis,0.9994559,Increased
387,Gemella sp.,0.9994475,Increased
388,Bergeyella zoohelcum,0.9994462,Increased
389,Azohydromonas,0.9994444,Increased
390,Nitrososphaeraceae,0.9994429,Increased
391,Clavibacter,0.9994421,Increased
392,Herbaspirillum,0.9994331,Increased
393,Brucella,0.99943,Increased
394,Eisenbergiella,0.99942935,Increased
395,Lachnospira multipara,0.999429,Increased
396,Sulfurimonas,0.99942565,Increased
397,Slackia exigua,0.9994228,Increased
398,Naganishia,0.9994155,Increased
399,Promicromonosporaceae,0.99940896,Increased
400,Spiroplasmataceae,0.9993911,Increased
401,Kalmanozyma brasiliensis,0.99938035,Increased
402,Dialister invisus,0.9993773,Increased
403,Actinomyces sp. oral taxon 877,0.9993663,Increased
404,Macrococcus,0.99933755,Increased
405,Scardovia inopinata,0.99933726,Increased
406,Carnobacterium,0.99933225,Increased
407,Myoviridae,0.9993292,Increased
408,Simonsiella,0.9993276,Increased
409,Lambdavirus,0.99932694,Increased
410,Lachnobacterium bovis,0.9993229,Increased
411,Acidiphilium,0.9993224,Increased
412,Myroides,0.999317,Increased
413,Syntrophococcus,0.99931157,Increased
414,Streptococcus sp. oral taxon 058,0.9993113,Increased
415,Nocardiaceae,0.9993059,Increased
416,Lutispora,0.99930066,Increased
417,Eubacterium hallii CAG:12,0.99929005,Increased
418,Solanum melongena,0.9992898,Increased
419,Veillonella sp.,0.99928766,Increased
420,Streptophyta,0.99928427,Increased
421,Lipomycetaceae,0.9992795,Increased
422,Chryseobacterium sp.,0.9992738,Increased
423,Proteiniphilum,0.99926317,Increased
424,Buttiauxella,0.99926144,Increased
425,Morganella morganii,0.99925786,Increased
426,Exophiala mesophila,0.99924785,Increased
427,Nevskia,0.9992478,Increased
428,Parabacteroides goldsteinii,0.9992375,Increased
429,Treponema amylovorum,0.99921745,Increased
430,Veillonella rogosae,0.999212,Increased
431,Torulaspora delbrueckii,0.99920213,Increased
432,Syntrophomonadaceae,0.99920195,Increased
433,Parascardovia denticolens,0.99920154,Increased
434,Anaeroplasmatales,0.9991936,Increased
435,Enterococcus durans,0.99918395,Increased
436,Veillonella sp. oral taxon 780,0.9991764,Increased
437,Peptococcus sp. oral taxon 167,0.99917614,Increased
438,Clostridium perfringens,0.9991736,Increased
439,Papillibacter,0.9991639,Increased
440,Deferribacteres,0.99916303,Increased
441,Centipeda,0.99916166,Decreased
442,Azospira,0.9991367,Increased
443,Schlegelella aquatica,0.9991354,Increased
444,Olsenella,0.9991296,Increased
445,Pontibacter,0.9991202,Increased
446,Wautersiella,0.9991185,Increased
447,Roseomonas mucosa,0.999106,Increased
448,Nitrososphaerales,0.9991031,Increased
449,Bacillus sp. FJAT-22090,0.9990762,Increased
450,Lactiplantibacillus plantarum,0.99907106,Increased
451,Pseudomonas sp.,0.99906754,Increased
452,Ethanoligenens,0.99906194,Increased
453,Acremonium,0.9990602,Increased
454,Guignardia,0.99905956,Increased
455,Clostridioides difficile,0.99905556,Increased
456,Urechidicola croceus,0.9990553,Increased
457,Isoptericola,0.9990491,Increased
458,Catabacter hongkongensis,0.9990361,Increased
459,Olsenella uli,0.9990044,Increased
460,Thermoanaerobacterales Family IV. Incertae Sedis,0.99900055,Increased
461,Pneumocystidomycetes,0.9989994,Increased
462,Rahnella,0.99899495,Increased
463,Campylobacter concisus,0.9989945,Increased
464,Papillibacter cinnamivorans,0.9989813,Increased
465,Desulfococcus,0.9989792,Increased
466,Porphyromonas uenonis,0.99895436,Increased
467,Hungatella hathewayi,0.99894726,Increased
468,Lipomyces starkeyi,0.9989458,Increased
469,Aphanothecaceae,0.99893767,Increased
470,Clostridiales Family XIV. Incertae Sedis,0.99893266,Increased
471,Rhodocyclales,0.9989118,Increased
472,Alloiococcus,0.9989085,Increased
473,Clostridiales Family IV. Incertae Sedis,0.99889773,Increased
474,Paeniclostridium,0.9988599,Increased
475,Fusobacterium perfoetens,0.9988494,Increased
476,Negativibacillus,0.99884707,Increased
477,Pseudobutyrivibrio ruminis,0.998847,Increased
478,Aeromonadales,0.9988374,Increased
479,Punctularia strigosozonata,0.9988311,Increased
480,Dorea formicigenerans,0.99882287,Increased
481,Caudovirales,0.9988216,Increased
482,Deferribacterales,0.99881685,Increased
483,Enterococcus saccharolyticus,0.99881256,Increased
484,Cellulosimicrobium sp. TH-20,0.998809,Increased
485,Alkaliphilus,0.99879956,Increased
486,Brachyspiraceae,0.9987965,Increased
487,Rhodocyclaceae,0.99879,Increased
488,Oribacterium parvum,0.99877477,Increased
489,Pseudothermotoga,0.9987709,Increased
490,Nitrososphaera,0.9987685,Increased
491,Klebsiella pneumoniae,0.9987614,Increased
492,Ophiocordyceps,0.9987486,Increased
493,Limosilactobacillus fermentum,0.9987279,Decreased
494,Solobacterium moorei,0.99872136,Increased
495,Acinetobacter schindleri,0.99870306,Increased
496,Wenyingzhuangia fucanilytica,0.9986998,Increased
497,Lactobacillus rhamnosus,0.9986898,Decreased
498,Providencia,0.99867,Increased
499,Sphingobium xenophagum,0.99866897,Increased
500,Coccolithovirus,0.9986644,Increased
501,Clostridiales bacterium,0.9986625,Increased
502,Acidaminococcus,0.9986542,Increased
503,Bifidobacterium scardovii,0.998648,Increased
504,Torulaspora,0.99863917,Increased
505,Ruminococcus sp. N15.MGS-57,0.9986362,Increased
506,Bifidobacterium dentium,0.9986356,Increased
507,Streptococcus salivarius,0.9986299,Increased
508,Punavirus,0.99862415,Increased
509,Fusarium pseudograminearum,0.99862343,Increased
510,Saprospirales,0.9986191,Increased
511,Prevotella sp. oral clone DO039,0.99861795,Increased
512,Limnohabitans,0.9985848,Increased
513,Wenyingzhuangia,0.99857336,Increased
514,Salmonella,0.99856156,Increased
515,Orthopneumovirus,0.9985483,Increased
516,Hyphomonas,0.998527,Increased
517,Acinetobacter sp.,0.998489,Increased
518,Fusarium,0.99847364,Increased
519,Streptococcus pneumoniae,0.99847317,Increased
520,Rhodococcus sp. 008,0.99847025,Increased
521,Coriobacterium,0.99844766,Increased
522,Intrasporangiaceae,0.9984431,Increased
523,Trabulsiella,0.99843496,Increased
524,Mycobacterium,0.9984295,Increased
525,Capnocytophaga canimorsus,0.9983831,Increased
526,Oribacterium sinus,0.9983471,Increased
527,Thermodesulfobiaceae,0.99834573,Increased
528,Bifidobacterium bifidum,0.998342,Decreased
529,Enhydrobacter aerosaccus,0.99833626,Increased
530,Ascomycota,0.99832773,Increased
531,Lactobacillus fornicalis,0.9982862,Increased
532,Arthrospira,0.99827343,Increased
533,Howardella,0.9982715,Increased
534,Clostridium innocuum,0.99825984,Increased
535,Phyllobacterium sp.,0.9982496,Increased
536,Buchnera aphidicola,0.9982446,Increased
537,Peptostreptococcus stomatis,0.99822634,Increased
538,Mycoplasma genitalium,0.99819547,Increased
539,Paucisalibacillus,0.99819463,Increased
540,[Clostridium] symbiosum,0.99819225,Increased
541,Intestinimonas massiliensis,0.99818623,Increased
542,Cellulosimicrobium,0.9981795,Increased
543,Anaeroglobus,0.99817413,Increased
544,Odoribacter sp.,0.99817073,Increased
545,Wolbachia,0.9981674,Increased
546,Chrysochromulina ericina virus,0.99816144,Increased
547,Klebsiella sp.,0.9981561,Increased
548,Aerococcaceae,0.9981329,Increased
549,Bosea,0.99807876,Increased
550,Lederbergvirus,0.99805546,Increased
551,Shigella,0.99805516,Decreased
552,Senegalimassilia,0.9980462,Increased
553,Puniceicoccaceae,0.9980261,Increased
554,Thermus,0.9979739,Increased
555,Microbacterium chocolatum,0.99797153,Increased
556,Acinetobacter johnsonii,0.9979478,Increased
557,Oenothera,0.9979174,Increased
558,Achromobacter sp.,0.99791545,Increased
559,Facklamia,0.9979063,Increased
560,Faecalibaculum,0.9979017,Increased
561,Gemella morbillorum,0.99782604,Increased
562,Bifidobacterium longum subsp. longum,0.9977777,Increased
563,Clostridium baratii,0.9977664,Increased
564,Parascardovia,0.997735,Increased
565,Blautia wexlerae,0.99771905,Increased
566,Butyrivibrio crossotus,0.9976944,Increased
567,Gemella sanguinis,0.9976645,Increased
568,Coriobacterium glomerans,0.99764615,Increased
569,Idiomarinaceae,0.9976428,Increased
570,Bdellovibrionales,0.9976427,Increased
571,Blautia glucerasea,0.99757284,Increased
572,Human orthopneumovirus,0.9975619,Increased
573,Clostridium colicanis,0.99754965,Increased
574,Stenotrophomonas acidaminiphila,0.9975253,Increased
575,Helicobacter pylori,0.9974919,Increased
576,Microviridae,0.9974874,Increased
577,unclassified Rikenellaceae,0.9974688,Increased
578,Skermanella,0.99742985,Increased
579,Akkermansiaceae,0.9974192,Increased
580,Novosphingobium aromaticivorans,0.9973837,Increased
581,Acidobacterium,0.99738234,Increased
582,Phyllobacterium,0.9973732,Increased
583,Christensenella,0.99735755,Increased
584,Methylobacterium radiotolerans,0.99732697,Increased
585,Listeria monocytogenes,0.9973151,Increased
586,Lachnospiraceae bacterium 10-1,0.9973067,Increased
587,Pseudomonas aeruginosa,0.9972536,Decreased
588,Lachnospiraceae bacterium MD335,0.9972459,Increased
589,Methyloversatilis discipulorum,0.9972249,Increased
590,Hungatella,0.9972171,Increased
591,Chryseobacterium sp. IHB B 17019,0.99719256,Increased
592,Candidatus Soleaferrea,0.9971239,Increased
593,Roseburia hominis,0.99710673,Increased
594,Faecalibacterium cf. prausnitzii KLE1255,0.997104,Increased
595,Enterococcaceae,0.9970984,Increased
596,Bdellovibrionaceae,0.99708897,Increased
597,Phaeocystis globosa virus,0.99707675,Increased
598,Planococcaceae,0.99704725,Increased
599,Ezakiella,0.9970366,Increased
600,Actinomyces viscosus,0.99703336,Increased
601,Butyricicoccus pullicaecorum,0.99700356,Increased
602,[Eubacterium] infirmum,0.9969649,Increased
603,[Bacteroides] pectinophilus,0.9969551,Increased
604,Eubacterium infirmum F0142,0.99692523,Increased
605,unclassified Ruminococcaceae,0.9969224,Increased
606,Phocaeicola dorei,0.996877,Increased
607,Brevibacteriaceae,0.99682915,Increased
608,Cardiobacterium,0.9968155,Increased
609,Novosphingobium sp.,0.9967769,Increased
610,Mimivirus,0.996756,Increased
611,Mitsuokella,0.996752,Increased
612,Sneathia sanguinegens,0.99673074,Increased
613,Eggerthella lenta,0.99672127,Decreased
614,Coprococcus catus,0.996707,Increased
615,Rhodococcus sp.,0.99667156,Increased
616,Ruminococcus champanellensis,0.9966591,Increased
617,Marinobacter,0.9966352,Increased
618,Lachnoanaerobaculum sp. OBRC5-5,0.9966301,Increased
619,Enterocytozoon,0.9965898,Increased
620,Catonella morbi,0.99658215,Increased
621,Alistipes indistinctus,0.9965561,Increased
622,Leptosphaeria,0.9965256,Increased
623,Halobacillus mangrovi,0.9965025,Increased
624,Helicobacter sp.,0.9964894,Increased
625,Lysurus,0.9964536,Increased
626,Robinsoniella peoriensis,0.9964492,Increased
627,Anaerococcus tetradius,0.9964153,Increased
628,Acidaminococcus intestini,0.99638444,Increased
629,Bacillus thermoamylovorans,0.9963748,Increased
630,Intestinibacter bartlettii,0.9963577,Increased
631,Devosia,0.9963384,Increased
632,Anelloviridae,0.996303,Increased
633,Bryobacter,0.9962983,Increased
634,Pneumoviridae,0.9962828,Increased
635,Oribacterium sinus F0268,0.996262,Increased
636,Acholeplasmatales,0.99625677,Increased
637,Microvirgula,0.996171,Increased
638,Clostridium sp. M62/1,0.99616444,Increased
639,Enterorhabdus,0.99613255,Increased
640,Variibacter,0.99603933,Increased
641,Agathobaculum desmolans,0.9960115,Increased
642,Candidatus Stoquefichus massiliensis,0.9959968,Increased
643,Thermicanus,0.9959441,Increased
644,Lachnoanaerobaculum sp. ICM7,0.9959034,Increased
645,Atopobium parvulum DSM 20469,0.99586487,Increased
646,Catonella,0.9958317,Decreased
647,Senegalimassilia anaerobia,0.99580383,Increased
648,Klebsiella aerogenes,0.9957758,Increased
649,Clostridium dakarense,0.9957551,Increased
650,Bacteroides thetaiotaomicron,0.9957373,Increased
651,Candidatus Azobacteroides,0.9956807,Increased
652,Capnocytophaga,0.9956435,Decreased
653,Vogesella perlucida,0.9956288,Increased
654,Tequatrovirus,0.99562395,Increased
655,Pneumocystis murina,0.9955852,Increased
656,Streptomyces sp. SBT349,0.99558276,Increased
657,Clostridium celatum,0.99557304,Increased
658,Anaerococcus,0.99556816,Increased
659,[Eubacterium] cellulosolvens,0.995461,Increased
660,Nosema apis,0.99541503,Increased
661,Sinsheimervirus,0.9954117,Increased
662,Streptococcus phage PhiSpn_200,0.99540395,Increased
663,Boletus,0.9953305,Increased
664,Stomatobaculum longum,0.9953134,Increased
665,Pseudochrobactrum,0.9953085,Increased
666,Clostridium sp. 7_2_43FAA,0.9953046,Increased
667,Desulfobulbus,0.99526715,Increased
668,Orthopoxvirus,0.9952364,Increased
669,Thermomonosporaceae,0.99522865,Increased
670,Aeromonas,0.9952273,Decreased
671,Lactococcus lactis,0.99520004,Increased
672,[Ruminococcus] lactaris,0.9951805,Increased
673,Adlercreutzia equolifaciens,0.99517345,Increased
674,Catenibacterium mitsuokai,0.9951609,Increased
675,Antrodiella,0.9951211,Increased
676,Terrisporobacter glycolicus,0.9951129,Increased
677,Rubellimicrobium,0.9951003,Increased
678,Rhodoferax,0.99509805,Increased
679,Rickettsiales,0.99509007,Increased
680,Oceanospirillaceae,0.995012,Increased
681,Succinatimonas,0.9949956,Increased
682,Saccharomycetes,0.9949646,Increased
683,Ferrimonas,0.99494135,Increased
684,Podoviridae,0.9949408,Increased
685,Synergistes,0.99490976,Increased
686,Schwartzia,0.99489844,Decreased
687,Candidatus Solibacter,0.99484336,Increased
688,Desulfovibrio piger,0.994833,Increased
689,Enterocytozoon bieneusi,0.99471134,Increased
690,Clostridium aminophilum,0.99469376,Increased
691,Roseburia inulinivorans,0.9946702,Increased
692,Hyphomonadaceae,0.99459815,Increased
693,Retroviridae,0.9945908,Increased
694,Knoellia,0.994574,Increased
695,Phocaeicola coprocola,0.99455667,Increased
696,Mobiluncus,0.9944623,Increased
697,Reoviridae,0.9944214,Increased
698,Defluviitalea,0.99440736,Increased
699,Fusobacterium sp.,0.9943716,Increased
700,Christensenella minuta,0.99435353,Increased
701,Idiomarina,0.9943198,Increased
702,Clostridium sp. SY8519,0.99430984,Increased
703,Streptococcus intermedius,0.9943026,Decreased
704,Streptococcus sp. 11aTha1,0.99427545,Increased
705,Blautia hansenii,0.9942284,Increased
706,Flavobacteriaceae bacterium 3519-10,0.99413824,Increased
707,Coprobacter fastidiosus,0.9940383,Increased
708,Lactobacillus jensenii,0.99402654,Increased
709,Chromatiales,0.99399793,Increased
710,Prevotella stercorea,0.9939841,Increased
711,Candidatus Parcubacteria,0.99396265,Increased
712,Cupriavidus,0.99392766,Increased
713,Streptococcus mutans,0.9937916,Decreased
714,Acidothermus,0.9937611,Increased
715,Wallemia,0.99372596,Increased
716,Acidibacter,0.99370956,Increased
717,Candida albicans,0.9935341,Increased
718,Subdoligranulum variabile,0.9935204,Increased
719,Phocaeicola massiliensis,0.99351346,Increased
720,Enterococcus faecium,0.99334186,Increased
721,Capnocytophaga ochracea,0.9933225,Increased
722,Phenylobacterium,0.9930948,Increased
723,Clostridium sp. L2-50,0.9930945,Increased
724,Sutterella wadsworthensis,0.9930479,Increased
725,Prevotella histicola,0.9929513,Increased
726,Subdoligranulum sp. 4_3_54A2FAA,0.99290633,Increased
727,Desulfocapsa,0.9928813,Increased
728,Prevotella copri,0.99283797,Decreased
729,Herpesviridae,0.9927954,Increased
730,Streptococcus australis,0.9927831,Increased
731,Lactococcus piscium,0.99275416,Increased
732,Candidatus Azobacteroides pseudotrichonymphae,0.9927305,Increased
733,Prevotella sp. oral clone DO014,0.99270713,Increased
734,Dehalobacterium,0.9926455,Increased
735,Dehalobacter,0.9926041,Increased
736,Clostridium colinum,0.9925903,Increased
737,Fusicatenibacter saccharivorans,0.99250704,Increased
738,Ferrimonadaceae,0.99249005,Increased
739,Staphylococcus aureus subsp. aureus ST228,0.9924536,Increased
740,Pseudomonas luteola,0.9924245,Increased
741,Brachyspira,0.9923934,Increased
742,Prevotella ruminicola,0.99230486,Increased
743,Sphingobacterium multivorum,0.9920081,Increased
744,Johnsonella ignava,0.9919239,Increased
745,Tissierellaceae,0.9918272,Decreased
746,Bilophila sp.,0.9917822,Increased
747,Procabacteriaceae,0.9917561,Increased
748,Shewanella,0.9916956,Decreased
749,Arcobacter,0.99160534,Increased
750,Prevotella denticola,0.9915672,Increased
751,Blastococcus,0.99141496,Increased
752,Lachnoanaerobaculum,0.99134636,Increased
753,Bacteroides helcogenes,0.99126846,Increased
754,Burkholderiaceae,0.99124604,Decreased
755,Lactobacillus salivarius,0.99092865,Increased
756,Corynebacterium durum,0.9909114,Increased
757,Aquabacterium,0.99073935,Increased
758,Parvimonas micra,0.99068004,Decreased
759,Amedibacillus dolichus,0.9906612,Increased
760,Romboutsia lituseburensis,0.99060136,Increased
761,Bryobacterales,0.99049735,Increased
762,Acinetobacter venetianus RAG-1 = CIP 110063,0.9904764,Increased
763,Deinococci,0.9903035,Increased
764,Enterocloster bolteae,0.9902614,Increased
765,Alistipes senegalensis,0.9901076,Increased
766,Sutterellaceae,0.99002355,Increased
767,Oscillospira,0.9899464,Decreased
768,Coprobacter,0.9898649,Increased
769,Defluviicoccus,0.9897352,Increased
770,Eubacterium coprostanoligenes,0.98971677,Increased
771,[Ruminococcus] gnavus,0.98966724,Decreased
772,[Ruminococcus] torques,0.9893807,Increased
773,Akkermansia muciniphila,0.989366,Increased
774,Shewanellaceae,0.98917603,Increased
775,Selenomonadaceae,0.989168,Increased
776,Streptococcus sanguinis,0.98857915,Decreased
777,Streptococcus sp. I-G2,0.9885405,Increased
778,Lactobacillus gasseri,0.98819053,Increased
779,Oxalobacter,0.9881015,Increased
780,Clostridium sp.,0.9879637,Increased
781,Babesia,0.987558,Increased
782,Geobacillus,0.98753667,Increased
783,Streptococcus pseudopneumoniae,0.9874177,Increased
784,Cenarchaeales,0.9873771,Increased
785,Chlamydiales,0.9873163,Increased
786,Porphyromonas endodontalis,0.9871467,Decreased
787,Bacteroides salyersiae,0.9870866,Increased
788,Blastomonas,0.98703605,Increased
789,Novosphingobium,0.98696756,Increased
790,Saccharomyces cerevisiae,0.98683584,Increased
791,Erythrobacteraceae,0.98680747,Increased
792,Gemmatimonas,0.9866904,Increased
793,Synergistales,0.9866059,Increased
794,Exiguobacterium,0.98657316,Decreased
795,Providencia vermicola,0.9862289,Increased
796,unclassified Lachnospiraceae,0.986095,Increased
797,Pseudoalteromonas,0.98598033,Increased
798,Neisseria sp.,0.9859699,Increased
799,Synergistia,0.9859241,Increased
800,Buttiauxella agrestis,0.98585665,Increased
801,Sporacetigenium,0.98581636,Increased
802,Solirubrobacterales,0.9858119,Increased
803,Klebsiella,0.98580265,Decreased
804,Lentisphaerae,0.9856169,Increased
805,Parabacteroides johnsonii,0.98533434,Increased
806,Corynebacterium appendicis,0.9853334,Increased
807,Prevotella oris,0.98532856,Increased
808,Pseudolabrys,0.98528254,Increased
809,Corynebacterium sp.,0.9852356,Increased
810,Fusibacter,0.9851696,Increased
811,Schlegelella,0.98508894,Increased
812,Sediminibacterium,0.9844908,Increased
813,Staphylococcus aureus,0.9844439,Increased
814,Anaerosporobacter,0.9842834,Increased
815,Gemella haemolysans,0.9841503,Increased
816,Fusobacterium mortiferum,0.98412836,Increased
817,Oxobacter,0.98411435,Increased
818,Victivallis vadensis,0.98393154,Increased
819,Prevotella intermedia,0.9838961,Increased
820,Photobacterium,0.9837891,Increased
821,Roseburia sp.,0.98375463,Increased
822,Erysipelatoclostridium,0.9837157,Decreased
823,Phycisphaerae,0.9836462,Increased
824,Bacillus cereus,0.9835145,Increased
825,Thalassospira,0.98338914,Increased
826,Megamonas hypermegale,0.9832569,Increased
827,Denitratisoma,0.9832484,Increased
828,Catabacter,0.9831518,Increased
829,Eubacterium ruminantium,0.9829844,Increased
830,Granulicatella elegans,0.9827611,Increased
831,Firmicutes bacterium ASF500,0.9827403,Increased
832,Sporobacter termitidis,0.982704,Increased
833,uncultured Stomatobaculum sp.,0.98264164,Increased
834,Campylobacter rectus,0.9822912,Increased
835,Alteromonas,0.9818533,Increased
836,Fusobacterium,0.98154014,Increased
837,Plesiomonas,0.98150384,Increased
838,Cutibacterium acnes,0.98118293,Increased
839,Prevotella oralis,0.9810415,Increased
840,Paracoccus,0.98099977,Increased
841,Ruminococcus gauvreauii,0.9809624,Increased
842,Methylophilaceae,0.98080623,Increased
843,Gelria,0.9807811,Increased
844,Nitrosomonas,0.98020065,Increased
845,Leuconostoc,0.97959995,Increased
846,Aneurinibacillus,0.97957975,Increased
847,Bacteroides ovatus,0.97956693,Increased
848,Paenarthrobacter,0.9795257,Increased
849,Acidobacteriia,0.97935003,Increased
850,Lachnoanaerobaculum saburreum,0.9788574,Increased
851,Streptococcus anginosus,0.9787834,Decreased
852,Abiotrophia,0.97871846,Decreased
853,Robinsoniella,0.97853833,Increased
854,Cyanobacteria,0.97847766,Increased
855,Faecalicoccus,0.9782203,Increased
856,Prevotella sp.,0.97779876,Increased
857,Moraxella osloensis,0.9777203,Increased
858,Rhodococcus,0.97747016,Increased
859,Porphyromonas gingivalis,0.9772424,Increased
860,Chlamydia,0.9771554,Increased
861,Hyphomicrobium,0.97699076,Increased
862,Ruminococcaceae bacterium D16,0.97679853,Increased
863,Micrococcus,0.976675,Decreased
864,Chlamydiae,0.9765882,Increased
865,Parcubacteria bacterium RAAC4_OD1_1,0.97657484,Increased
866,Aerococcus,0.9762703,Increased
867,Acholeplasmataceae,0.97563815,Increased
868,Muribaculaceae,0.9756269,Increased
869,Collinsella stercoris,0.975226,Increased
870,Porphyromonas sp.,0.9751915,Increased
871,Cronobacter,0.97425985,Decreased
872,Paraeggerthella,0.9741892,Increased
873,Capnocytophaga leadbetteri,0.97394973,Increased
874,Anaerorhabdus,0.9737965,Decreased
875,Lentisphaeria,0.9735899,Increased
876,Alloscardovia omnicolens,0.9731186,Increased
877,Cloacibacillus,0.9725061,Increased
878,Kluyvera,0.9720518,Increased
879,Candidatus Endolissoclinum,0.9714331,Increased
880,Zhouia,0.9713908,Increased
881,Lachnoanaerobaculum orale,0.9712353,Increased
882,Listeriaceae,0.9709763,Increased
883,Corynebacterium matruchotii,0.9705779,Increased
884,Alcaligenes faecalis,0.969388,Increased
885,Faecalitalea,0.96916085,Increased
886,Alistipes putredinis,0.96903783,Increased
887,Bacteroides nordii,0.96846396,Increased
888,Terrisporobacter,0.96830475,Increased
889,Rhodobacter,0.96788263,Increased
890,Nitrosomonadales,0.96759725,Increased
891,Lactobacillus reuteri,0.96716905,Increased
892,Chlamydiia,0.96712536,Increased
893,Cetobacterium,0.967103,Increased
894,Neisseria elongata,0.9665078,Increased
895,Crenarchaeota,0.96637756,Increased
896,Actinomyces sp. oral taxon 170,0.9654803,Increased
897,unclassified Lactobacillales,0.9652817,Decreased
898,Oscillibacter valericigenes,0.9651433,Increased
899,Alistipes obesi,0.9650896,Increased
900,Lupinus,0.9644738,Increased
901,Parachlamydiaceae,0.9641077,Increased
902,Lentibacillus,0.96296495,Increased
903,Candidatus Portiera,0.9616838,Increased
904,Megasphaera,0.96051115,Decreased
905,Patulibacteraceae,0.9592244,Increased
906,Butyricicoccus,0.95915174,Increased
907,Dietzia,0.95909023,Increased
908,Anaerotruncus colihominis,0.95862687,Increased
909,Moraxella,0.9580954,Increased
910,Oscillibacter sp. 1-3,0.9580759,Increased
911,Acetanaerobacterium,0.95771974,Increased
912,Fusobacteriaceae,0.95673406,Decreased
913,Escherichia coli,0.95619696,Decreased
914,Collinsella,0.9559917,Increased
915,Blautia obeum,0.9554958,Increased
916,Bulleidia,0.9548507,Increased
917,Roseburia,0.9541219,Decreased
918,Massilia alkalitolerans,0.9540849,Increased
919,Fusobacterium nucleatum,0.9540268,Decreased
920,Bilophila wadsworthia,0.95376414,Increased
921,Corynebacteriaceae,0.9537297,Increased
922,Treponema denticola,0.953477,Increased
923,Shuttleworthia,0.953231,Increased
924,Allobaculum,0.95313877,Increased
925,Clostridium clostridioforme,0.9522256,Increased
926,Bradyrhizobium,0.9503802,Decreased
927,Eubacterium ventriosum,0.95009565,Increased
928,Tannerella,0.9500585,Decreased
929,Intestinibacter,0.9479124,Increased
930,[Eubacterium] siraeum,0.94780576,Increased
931,Aggregatibacter segnis,0.9472997,Increased
932,Saccharopolyspora,0.9461258,Increased
933,Planctomycetia,0.9456918,Increased
934,Prevotella multisaccharivorax,0.94524395,Increased
935,Ruminococcus albus,0.94453835,Increased
936,Bacteroides finegoldii,0.9438685,Decreased
937,Oscillibacter ruminantium,0.9430593,Increased
938,Pseudonocardiaceae,0.94297314,Increased
939,Atopobiaceae,0.94284195,Increased
940,Enterococcus faecalis,0.9412676,Increased
941,Pantoea agglomerans,0.9397972,Increased
942,Lactobacillus delbrueckii,0.939536,Increased
943,Procabacteriales,0.9394676,Increased
944,Cloacibacterium,0.9394666,Increased
945,Haemophilus influenzae,0.93905586,Increased
946,Streptococcus sobrinus,0.9388023,Increased
947,Holdemanella,0.938033,Decreased
948,Barnesiella intestinihominis,0.9379489,Increased
949,Campylobacter gracilis,0.93436515,Increased
950,Rikenella,0.9328229,Increased
951,Phocaeicola coprophilus,0.93216795,Increased
952,Bradyrhizobiaceae,0.9320241,Increased
953,Moryella,0.93194985,Decreased
954,Fannyhessea vaginae,0.9312613,Increased
955,Caulobacter,0.930748,Increased
956,Pandoraea,0.9302726,Increased
957,Treponema putidum,0.9285733,Increased
958,Kingella sp. oral taxon 459,0.9276683,Increased
959,Streptomyces,0.9274981,Increased
960,Pseudonocardiales,0.9274008,Increased
961,Methanobacteriales,0.92681634,Increased
962,Diaphorobacter,0.9264803,Increased
963,Peptostreptococcus anaerobius,0.9252692,Decreased
964,Methanobrevibacter smithii,0.9246609,Increased
965,Bifidobacterium longum,0.92425597,Decreased
966,Parabacteroides distasonis,0.9237882,Increased
967,Buchnera,0.92277235,Increased
968,Streptococcus thermophilus,0.92187566,Increased
969,Parasporobacterium,0.921365,Increased
970,Hathewaya histolytica,0.9210315,Increased
971,Neisseriaceae,0.9206473,Decreased
972,Citrobacter,0.9190585,Increased
973,Gardnerella,0.9186365,Increased
974,Bacteroides caccae,0.91747975,Increased
975,Corynebacterium striatum,0.9156347,Increased
976,TM7 phylum sp. oral taxon 348,0.9143588,Increased
977,Erwinia,0.91145134,Increased
978,Lactobacillus ruminis,0.909648,Increased
979,Campylobacter sp. oral taxon 044,0.90736663,Increased
980,Klebsiella oxytoca,0.90614307,Increased
981,Leptotrichia sp. oral taxon 221,0.9049205,Increased
982,Prevotella sp. oral taxon 309,0.90355706,Increased
983,Porphyromonas pasteri,0.901521,Increased
984,Intestinimonas butyriciproducens,0.8987083,Increased
985,Bacteroides eggerthii,0.8980443,Increased
986,Acinetobacter lwoffii,0.8979687,Increased
987,Selenomonas sp.,0.8973789,Increased
988,Lacrimispora saccharolytica,0.89707804,Increased
989,Bacillus,0.8957786,Decreased
990,Johnsonella,0.8953066,Increased
991,[Eubacterium] rectale,0.8936038,Increased
992,Prevotella nigrescens,0.8932221,Increased
993,Chitinophagaceae,0.8919917,Increased
994,Prevotella sp. oral taxon 473,0.89055675,Increased
995,Saccharofermentans,0.88841534,Increased
996,Peptoclostridium,0.8882385,Increased
997,Ruminococcus flavefaciens,0.88791806,Increased
998,Roseburia intestinalis,0.88790023,Increased
999,Epulopiscium,0.886406,Increased
1000,Microbispora,0.8857231,Increased
1001,Catenibacterium,0.88325286,Decreased
1002,[Eubacterium] sulci,0.8832401,Increased
1003,Sphingomonas azotifigens,0.8832064,Increased
1004,Odoribacter,0.8829751,Decreased
1005,Janthinobacterium,0.88278055,Increased
1006,Candidatus Arthromitus,0.8814118,Increased
1007,Staphylococcus pasteuri,0.8797931,Increased
1008,Lancefieldella parvula,0.87651044,Increased
1009,Mycoplana,0.876062,Increased
1010,Hallella,0.87244177,Decreased
1011,Neisseria,0.8718953,Decreased
1012,Oribacterium sp. oral taxon 108,0.8704356,Increased
1013,Deferribacteraceae,0.8701815,Decreased
1014,Streptococcus oralis,0.8688767,Increased
1015,Microbacterium,0.86886275,Decreased
1016,Carnobacteriaceae,0.8687327,Decreased
1017,Scardovia,0.8662325,Decreased
1018,Actinomyces graevenitzii,0.8661056,Increased
1019,Anaeroplasmataceae,0.8651184,Increased
1020,Mogibacterium sp.,0.8628229,Increased
1021,Synergistaceae,0.86254364,Increased
1022,Lactobacillus coleohominis,0.86170954,Increased
1023,Leuconostocaceae,0.8606302,Increased
1024,Paenibacillus,0.86023355,Increased
1025,Limnobacter,0.8597374,Increased
1026,Bacillus megaterium,0.85850215,Increased
1027,Burkholderia,0.8525583,Decreased
1028,Selenomonas,0.8524791,Decreased
1029,Prevotella sp. oral taxon 472,0.8495459,Increased
1030,Prevotella shahii,0.84792936,Increased
1031,Lachnobacterium,0.8478473,Increased
1032,Leptotrichia sp. oral taxon 218,0.8461017,Increased
1033,Rhizobium,0.84582615,Increased
1034,SR1 bacterium oral taxon 875,0.84072375,Increased
1035,Collinsella aerofaciens,0.8404674,Increased
1036,Spirochaetales,0.83356345,Increased
1037,Lachnospiraceae bacterium oral taxon 455,0.83146363,Increased
1038,Veillonella parvula,0.83099306,Decreased
1039,Leptotrichia trevisanii,0.8293823,Increased
1040,Roseomonas,0.82929903,Increased
1041,Simonsiella muelleri,0.828061,Increased
1042,Kocuria,0.82608837,Increased
1043,Flavobacteriaceae,0.82369924,Decreased
1044,Anaerotruncus,0.8230445,Increased
1045,Coprobacillus,0.8217586,Decreased
1046,Sporobacter,0.81916195,Increased
1047,Gardnerella vaginalis,0.8186345,Decreased
1048,Turicibacter sanguinis,0.8158989,Increased
1049,Prevotella pallens,0.8104506,Increased
1050,Atopobium,0.80963707,Decreased
1051,Deinococcus-Thermus,0.8066514,Increased
1052,Dorea longicatena,0.79989576,Increased
1053,Holdemania,0.798274,Decreased
1054,[Eubacterium] brachy,0.7925035,Increased
1055,Intestinimonas,0.7915861,Decreased
1056,Micrococcus luteus,0.7915036,Increased
1057,Gemmiger formicilis,0.7914664,Increased
1058,Alistipes shahii,0.7904027,Increased
1059,Acidobacteria,0.78829336,Decreased
1060,Ralstonia,0.7876773,Decreased
1061,Saprolegnia,0.7851594,Increased
1062,Alloprevotella tannerae,0.78372574,Decreased
1063,Butyrivibrio,0.7767464,Increased
1064,Bergeriella,0.7765369,Increased
1065,Ruminococcus callidus,0.77173585,Increased
1066,Gemmiger,0.76490873,Increased
1067,Lachnospira eligens,0.7648613,Increased
1068,Candidatus Koribacter,0.76393044,Increased
1069,Spirochaetaceae,0.76329327,Increased
1070,Mycoplasma,0.7615876,Increased
1071,Coprococcus,0.76143837,Decreased
1072,Anaerobutyricum hallii,0.7604018,Increased
1073,Barnesiellaceae,0.75581545,Decreased
1074,Enhydrobacter,0.75310785,Decreased
1075,Thaumarchaeota,0.75191015,Increased
1076,Segetibacter,0.7517957,Increased
1077,Roseburia faecis,0.75026083,Decreased
1078,Ruminococcus bromii,0.74991655,Increased
1079,Streptococcus sp.,0.74832636,Decreased
1080,Lancefieldella rimae,0.74799454,Increased
1081,Fastidiosipila,0.7461102,Increased
1082,Sphingobium,0.7452638,Increased
1083,Streptococcus parasanguinis,0.7423576,Decreased
1084,Tepidimonas,0.7393195,Increased
1085,Aggregatibacter actinomycetemcomitans,0.734447,Increased
1086,Pseudoxanthomonas,0.7293735,Increased
1087,Pseudomonas stutzeri,0.7237963,Increased
1088,Aeromonadaceae,0.7225503,Increased
1089,Filifactor,0.7181202,Increased
1090,Coprococcus comes,0.71561134,Increased
1091,Spirochaetes,0.7120245,Decreased
1092,Bacteroides intestinalis,0.7074005,Increased
1093,Aggregatibacter,0.69655013,Decreased
1094,Raoultella,0.6949353,Decreased
1095,Pantoea,0.6939498,Increased
1096,Bifidobacterium breve,0.69256115,Increased
1097,Parvimonas,0.6897397,Increased
1098,Acholeplasma,0.6837555,Increased
1099,Cutibacterium,0.6788207,Increased
1100,Peptococcus,0.678627,Increased
1101,Treponema,0.6748497,Increased
1102,Holdemanella biformis,0.65853477,Increased
1103,Megasphaera micronuciformis,0.65075576,Increased
1104,Proteus,0.64547896,Decreased
1105,Hydrogenoanaerobacterium,0.6441182,Decreased
1106,Bifidobacterium catenulatum,0.6395873,Increased
1107,Eubacteriaceae,0.63689125,Increased
1108,Enterococcus,0.63000095,Decreased
1109,Massilia,0.62482756,Decreased
1110,Deltaproteobacteria,0.6224654,Decreased
1111,Victivallis,0.6184701,Increased
1112,Acidaminococcaceae,0.61826444,Decreased
1113,Brevibacterium,0.6175003,Increased
1114,Sphingomonadales,0.61693716,Decreased
1115,Pedobacter,0.610489,Increased
1116,Fusobacteria,0.5961891,Decreased
1117,Peptoniphilus,0.5640164,Increased
1118,Lactobacillus sp.,0.56220263,Decreased
1119,Sphingomonas,0.56083465,Decreased
1120,Eggerthella,0.5591999,Decreased
1121,Prevotella nanceiensis,0.5555309,Increased
1122,Methanobrevibacter,0.5542232,Decreased
1123,Xanthomonadales,0.5457808,Decreased
1124,Rubrobacteraceae,0.5384194,Increased
1125,Eubacterium,0.5351995,Decreased
1126,Haemophilus parainfluenzae,0.53006065,Decreased
1127,Romboutsia,0.5267497,Increased
1128,Lactococcus,0.52522147,Decreased
1129,Sphingobacteriaceae,0.51931727,Increased
1130,Bacillaceae,0.51436096,Increased
1131,Weissella,0.5128374,Decreased
1132,Actinomyces,0.5125444,Decreased
1133,Anaerofustis,0.5105562,Decreased
1134,Marvinbryantia,0.50903606,Increased
1135,Sphingobium yanoikuyae,0.5055798,Increased
1136,Neisseria sicca,0.48488915,None
1137,[Clostridium] leptum,0.48420995,None
1138,Leptotrichia hofstadii,0.47889537,None
1139,Actinomycetales,0.47817808,None
1140,Rubrobacter,0.47780663,None
1141,Psychrobacter,0.47274762,None
1142,Alteromonadaceae,0.46215916,None
1143,Lautropia,0.46148586,None
1144,Oscillibacter,0.45971036,None
1145,Campylobacter ureolyticus,0.4506936,None
1146,Flavobacteriia,0.42845386,None
1147,Solobacterium,0.42464632,None
1148,Veillonellaceae,0.42021883,None
1149,Bacteroides uniformis,0.41666055,None
1150,Methanobacteria,0.41144496,None
1151,Rubrobacteria,0.4098962,None
1152,Ruminiclostridium,0.4082737,None
1153,Euryarchaeota,0.40579253,None
1154,Parasutterella,0.40575612,None
1155,Pyramidobacter,0.4023083,None
1156,Spirochaetia,0.40225476,None
1157,Pseudoflavonifractor,0.39711314,None
1158,Tenericutes,0.39240474,None
1159,Rothia aeria,0.38236368,None
1160,Selenomonas sputigena,0.38196045,None
1161,Brevibacillus,0.38175017,None
1162,Bacteroides fragilis,0.38038588,None
1163,Peptostreptococcus,0.37911826,None
1164,Candida,0.3750723,None
1165,Alteromonadales,0.37046814,None
1166,Campylobacteraceae,0.3639359,None
1167,Fusicatenibacter,0.3629498,None
1168,Pseudobutyrivibrio,0.34929276,None
1169,Parabacteroides merdae,0.34840983,None
1170,Hydrogenophaga,0.34649664,None
1171,Flavobacteriales,0.3444389,None
1172,Streptococcus cristatus,0.3443944,None
1173,Fusobacteriia,0.34119612,None
1174,Rubrobacterales,0.3375134,None
1175,Chloroflexi,0.33124894,None
1176,Synergistetes,0.33070397,None
1177,Odoribacter splanchnicus,0.3262338,None
1178,Corynebacterium,0.32292938,None
1179,Faecalibacterium,0.3177904,None
1180,Bergeyella,0.31506497,None
1181,Planctomycetes,0.3146845,None
1182,Corynebacteriales,0.30914587,None
1183,Streptococcus infantis,0.3045724,None
1184,Candidatus Gracilibacteria,0.3038265,None
1185,Bifidobacterium sp.,0.30166256,None
1186,Lachnospira,0.2997318,None
1187,Campylobacter,0.29349214,None
1188,Odoribacteraceae,0.2920649,None
1189,Delftia,0.29063833,None
1190,Anaerostipes,0.278651,None
1191,Methanobacteriaceae,0.2775988,None
1192,Mollicutes,0.275791,None
1193,Flavobacterium,0.2711326,None
1194,Neisseriales,0.26920807,None
1195,Comamonas,0.26784754,None
1196,Bacteroides stercoris,0.26624048,None
1197,Leptotrichia,0.26439124,None
1198,Morganella,0.264243,None
1199,Chryseobacterium,0.23918754,None
1200,Pediococcus,0.22597253,None
1201,Mogibacterium,0.21105939,None
1202,Granulicatella adiacens,0.2048378,None
1203,Lactobacillus sakei,0.20375133,None
1204,Desulfovibrio,0.19395149,None
1205,Megamonas,0.19092286,None
1206,Defluviitaleaceae,0.18400633,None
1207,Porphyromonas,0.18307143,None
1208,Leptotrichiaceae,0.17693019,None
1209,Fusobacteriales,0.1754322,None
1210,Kingella,0.17346305,None
1211,Veillonella,0.167808,None
1212,Schaalia odontolytica,0.162929,None
1213,Blautia coccoides,0.15638101,None
1214,Sphingobacterium,0.15185541,None
1215,Prevotella melaninogenica,0.14178139,None
1216,Bacteroides sp.,0.13412184,None
1217,Asteroleplasma,0.13008171,None
1218,Fusobacterium periodonticum,0.12064332,None
1219,Anaerovorax,0.120351315,None
1220,Streptococcus mitis,0.120140076,None
1221,Leptotrichia buccalis,0.09956235,None
1222,Desulfovibrionaceae,0.096565604,None
1223,Chlamydia pneumoniae,0.09172571,None
1224,Actinomycetaceae,0.091597855,None
1225,Eikenella,0.08792871,None
1226,Veillonella dispar,0.086853445,None
1227,Granulicatella,0.08348638,None
1228,Oribacterium,0.08073443,None
1229,Peptococcaceae,0.07696092,None
1230,Micrococcaceae,0.0730865,None
1231,candidate division SR1,0.07187092,None
1232,Methylobacteriaceae,0.07185984,None
1233,Actinobacillus,0.06920606,None
1234,Prevotella salivae,0.06337261,None
1235,Allisonella,0.06208086,None
1236,Rothia mucilaginosa,0.042915285,None
1237,Finegoldia,0.03428948,None
1238,Rothia,0.029142618,None
1239,Bifidobacterium adolescentis,0.023735762,None
1240,Desulfovibrionales,0.018642664,None
1241,Phocaeicola vulgatus,0.014380217,None
1242,Faecalibacterium prausnitzii,0.010903299,None
1243,Glutamicibacter,0.0,Known
1244,Micrococcales,0.0,Known
1245,Christensenellaceae,0.0,Known
1246,Gemella,0.0,Known
1247,Parabacteroides,0.0,Known
1248,Ochrobactrum,0.0,Known
1249,Moraxellaceae,0.0,Known
1250,Coprococcus eutactus,0.0,Known
1251,Flavonifractor,0.0,Known
1252,Parabacteroides distasonis ATCC 8503,0.0,Known
1253,Gordonibacter,0.0,Known
1254,Achromobacter,0.0,Known
1255,Flavonifractor plautii,0.0,Known
1256,Xanthomonadaceae,0.0,Known
1257,Coriobacteriaceae,0.0,Known
1258,Coriobacteriales,0.0,Known
1259,Alloprevotella,0.0,Known
1260,Oceanospirillales,0.0,Known
1261,Nesterenkonia,0.0,Known
1262,Gordonibacter pamelaeae,0.0,Known
1263,Clostridium,0.0,Known
1264,Alphaproteobacteria,0.0,Known
1265,Subdoligranulum,0.0,Known
1266,Alcaligenaceae,0.0,Known
1267,Alistipes,0.0,Known
1268,Verrucomicrobia,0.0,Known
1269,Vibrio,0.0,Known
1270,Verrucomicrobiales,0.0,Known
1271,Verrucomicrobiae,0.0,Known
1272,Comamonadaceae,0.0,Known
1273,Verrucomicrobiaceae,0.0,Known
1274,Adlercreutzia,0.0,Known
1275,Streptococcaceae,0.0,Known
1276,Aliihoeflea,0.0,Known
1277,Turicibacter,0.0,Known
1278,Collinsella intestinalis,0.0,Known
1279,Clostridia,0.0,Known
1280,Actinobacteria,0.0,Known
1281,Clostridiales,0.0,Known
1282,Clostridiaceae,0.0,Known
1283,Microbacteriaceae,0.0,Known
1284,Vibrionaceae,0.0,Known
1285,Oxalobacteraceae,0.0,Known
1286,Methylobacterium,0.0,Known
1287,Pannonibacter,0.0,Known
1288,Ezakiella coagulans,0.0,Known
1289,Vibrionales,0.0,Known
1290,Fusobacterium varium,0.0,Known
1291,Acinetobacter baumannii,0.0,Known
1292,Akkermansia,0.0,Known
1293,Gammaproteobacteria,0.0,Known
1294,Sutterella,0.0,Known
1295,Sulfuritalea,0.0,Known
1296,Acinetobacter,0.0,Known
1297,Acidovorax,0.0,Known
1298,Vibrionimonas,0.0,Known
1299,Succinivibrio,0.0,Known
1300,Streptococcus,0.0,Known
1301,Dialister,0.0,Known
1302,Stomatobaculum,0.0,Known
1303,Bifidobacteriaceae,0.0,Known
1304,Rhodospirillales,0.0,Known
1305,Rikenellaceae,0.0,Known
1306,Campylobacterales,0.0,Known
1307,Enterobacter,0.0,Known
1308,Deinococcus grandis,0.0,Known
1309,Deinococcus,0.0,Known
1310,Enterobacterales,0.0,Known
1311,Bifidobacterium,0.0,Known
1312,Bifidobacteriales,0.0,Known
1313,Betaproteobacteria,0.0,Known
1314,Rhodospirillaceae,0.0,Known
1315,Prevotella,0.0,Known
1316,Negativicutes,0.0,Known
1317,Deinococcales,0.0,Known
1318,Enterobacteriaceae,0.0,Known
1319,Barnesiella,0.0,Known
1320,Bacteroidia,0.0,Known
1321,Bacteroidetes,0.0,Known
1322,Deinococcaceae,0.0,Known
1323,Ruminococcaceae,0.0,Known
1324,Bilophila,0.0,Known
1325,Lachnoclostridium,0.0,Known
1326,Stenotrophomonas,0.0,Known
1327,Pseudomonas,0.0,Known
1328,Lactobacillus,0.0,Known
1329,Propionibacterium,0.0,Known
1330,Brucellaceae,0.0,Known
1331,Brevundimonas,0.0,Known
1332,Propionibacteriales,0.0,Known
1333,Pseudomonadaceae,0.0,Known
1334,Lactobacillales,0.0,Known
1335,Dorea,0.0,Known
1336,Pseudomonadales,0.0,Known
1337,Burkholderiales,0.0,Known
1338,Rhodobacterales,0.0,Known
1339,Lactobacillaceae,0.0,Known
1340,Propionibacteriaceae,0.0,Known
1341,Prevotellaceae,0.0,Known
1342,Butyricimonas,0.0,Known
1343,Blautia producta,0.0,Known
1344,Rhizobiales,0.0,Known
1345,Lachnospiraceae,0.0,Known
1346,Rhodobacteraceae,0.0,Known
1347,Blautia,0.0,Known
1348,Ruminococcus,0.0,Known
1349,Porphyromonas bennonis,0.0,Known
1350,Porphyromonadaceae,0.0,Known
1351,Caulobacteraceae,0.0,Known
1352,Peptostreptococcaceae,0.0,Known
1353,Slackia,0.0,Known
1354,Leucobacter,0.0,Known
1355,Sphingobacteriales,0.0,Known
1356,Sphingobacteriia,0.0,Known
1357,Proteobacteria,0.0,Known
1358,Pelagibacterium,0.0,Known
1359,Sphingomonadaceae,0.0,Known
1360,Pasteurellales,0.0,Known
1361,Caulobacterales,0.0,Known
1362,Candidatus Saccharibacteria,0.0,Known
1363,Escherichia,0.0,Known
1364,Pasteurellaceae,0.0,Known
1365,Haemophilus,0.0,Known
1366,Parasutterella secunda,0.0,Known
1367,Anaerostipes caccae DSM 14662,0.0,Known
1368,Staphylococcaceae,0.0,Known
1369,Staphylococcus,0.0,Known
1370,Paraprevotella,0.0,Known
1371,Coriobacteriia,0.0,Known
1372,Halomonadaceae,0.0,Known
1373,Serratia,0.0,Known
1374,Erysipelotrichia,0.0,Known
1375,Erysipelotrichales,0.0,Known
1376,Hyphomicrobiaceae,0.0,Known
1377,Phyllobacteriaceae,0.0,Known
1378,Phocaeicola plebeius,0.0,Known
1379,Helicobacteraceae,0.0,Known
1380,Bacteroides acidifaciens,0.0,Known
1381,Bacteroides,0.0,Known
1382,Bacteroidales,0.0,Known
1383,Bacteroidaceae,0.0,Known
1384,Helicobacter,0.0,Known
1385,Epsilonproteobacteria,0.0,Known
1386,Sarcina,0.0,Known
1387,Sarcina sp.,0.0,Known
1388,Halomonas,0.0,Known
1389,Bacilli,0.0,Known
1390,Bacillales,0.0,Known
1391,Phascolarctobacterium,0.0,Known
1392,Erysipelatoclostridium ramosum,0.0,Known
1393,Selenomonadales,0.0,Known
1394,Erysipelotrichaceae,0.0,Known
1395,Firmicutes,0.0,Known
